fold,test_kinase,rmsd,mae,dist_err,recovery
fold_01,ABL1,11.777318,5.277036,6.9169226,1.0100042831636027
fold_02,BRAF,8.913439,4.002236,5.63604,1.5555689020833443
fold_03,EGFR,12.406275,5.649647,7.053737,0.9877608471888109
fold_04,FGFR1,10.707398,4.8612885,6.0153337,1.7264349575327618
fold_05,KIT,10.409036,4.5972877,5.8748565,2.236675006972
fold_06,PDGFRA,11.797775,5.1391554,6.4798613,2.415382672392018
