fold,n_samples,fraction_dfg_in,fraction_alphac_in,fraction_dfg_alphac_in,n_designable,median_designability_rmsd,mean_designability_rmsd
fold_01,7,0.42857142857142855,0.14285714285714285,0.14285714285714285,0,,
fold_02,23,0.30434782608695654,0.391304347826087,0.08695652173913043,0,,
fold_03,160,0.31875,0.04375,0.0375,0,,
fold_04,26,0.11538461538461539,0.11538461538461539,0.0,0,,
fold_05,10,0.3,0.5,0.1,0,,
fold_06,2,0.5,0.5,0.0,0,,
